{
  "crypto": {
    "BTCUSDC": {
      "long": {
        "(0, 10000)": 2.2525308722996182e-06,
        "(10000, 50000)": 3.578742993003588e-05,
        "(50000, 100000)": 7.730425921053905e-05,
        "(100000, 500000)": 0.0001578826316011314
      },
      "short": {
        "(0, 10000)": 1.8714248763870289e-06,
        "(10000, 50000)": 3.163017440932063e-05,
        "(50000, 100000)": 7.04906219251299e-05,
        "(100000, 500000)": 0.00015290367710506431
      }
    },
    "ETHUSDC": {
      "long": {
        "(0, 10000)": 1.8682436977079997e-05,
        "(10000, 50000)": 7.072960004307479e-05,
        "(50000, 100000)": 0.0001153653065091678,
        "(100000, 500000)": 0.00024011625082572308
      },
      "short": {
        "(0, 10000)": 1.3191561928850913e-05,
        "(10000, 50000)": 5.731059002550036e-05,
        "(50000, 100000)": 0.00010612930029861067,
        "(100000, 500000)": 0.00023718499895977258
      }
    },
    "SOLUSDC": {
      "long": {
        "(0, 5000)": 7.449112949871614e-05,
        "(5000, 25000)": 0.00013320157133995264,
        "(25000, 50000)": 0.00018765308026302816,
        "(50000, 100000)": 0.00024160269241262243
      },
      "short": {
        "(0, 5000)": 6.944545585852321e-05,
        "(5000, 25000)": 0.0001274818292227296,
        "(25000, 50000)": 0.0001808712085863769,
        "(50000, 100000)": 0.00023335940651744922
      }
    },
    "XRPUSDC": {
      "long": {
        "(0, 5000)": 6.711624517606607e-05,
        "(5000, 25000)": 0.00013139464415940185,
        "(25000, 50000)": 0.0002085918876473181,
        "(50000, 100000)": 0.00028151913602232224
      },
      "short": {
        "(0, 5000)": 6.632584057023683e-05,
        "(5000, 25000)": 0.00012424239656921583,
        "(25000, 50000)": 0.00019524239500835677,
        "(50000, 100000)": 0.00026531038603328806
      }
    },
    "DOGEUSDC": {
      "long": {
        "(0, 5000)": 0.00020455587198312718,
        "(5000, 25000)": 0.00038114902345180783,
        "(25000, 50000)": 0.0005469191492140161,
        "(50000, 100000)": 0.0008175811267262921
      },
      "short": {
        "(0, 5000)": 0.00021383901152576738,
        "(5000, 25000)": 0.00038533040113287466,
        "(25000, 50000)": 0.0005453824788479074,
        "(50000, 100000)": 0.0008083333007783468
      }
    },
    "ADAUSDC": {
      "long": {
        "(0, 5000)": 0.00022360736103387808,
        "(5000, 25000)": 0.00035404000180453744,
        "(25000, 50000)": 0.0005002022234513356,
        "(50000, 100000)": 0.0007308296913946291
      },
      "short": {
        "(0, 5000)": 0.00022339719396153926,
        "(5000, 25000)": 0.0003514039234049152,
        "(25000, 50000)": 0.0004925405012156297,
        "(50000, 100000)": 0.0007060233693393187
      }
    }
  }
}
